keyword,url
innovation,https://news.asu.edu/20250807-environment-and-sustainability-preparing-drier-future-colorado-river-basin
health,https://news.asu.edu/20250915-science-and-technology-asu-student-works-protect-african-penguins-local-aquarium
innovation,https://news.asu.edu/20251003-business-and-entrepreneurship-new-study-shows-how-hospitals-buy-supplies-could-make-or
health,https://news.asu.edu/20251003-business-and-entrepreneurship-new-study-shows-how-hospitals-buy-supplies-could-make-or
innovation,https://news.asu.edu/20251009-local-national-and-global-affairs-adaptability-key-future-public-administration
health,https://news.asu.edu/20251017-sun-devil-community-100m-renovation-energize-fan-experience-desert-financial-arena
medicine,https://news.asu.edu/20251021-health-and-medicine-food-medicine-event-cultivates-new-solutions-sustainable-health
upcoming,https://news.asu.edu/20251021-health-and-medicine-food-medicine-event-cultivates-new-solutions-sustainable-health
innovation,https://news.asu.edu/20251021-health-and-medicine-food-medicine-event-cultivates-new-solutions-sustainable-health
health,https://news.asu.edu/20251021-health-and-medicine-food-medicine-event-cultivates-new-solutions-sustainable-health
innovation,https://news.asu.edu/20251021-university-news-asu-announces-global-institute-future-energy-50m-gift-bob-zorich
medicine,https://news.asu.edu/20251022-health-and-medicine-asu-medical-school-gains-accreditation-new-name-john-shufeldt
innovation,https://news.asu.edu/20251022-health-and-medicine-asu-medical-school-gains-accreditation-new-name-john-shufeldt
health,https://news.asu.edu/20251022-health-and-medicine-asu-medical-school-gains-accreditation-new-name-john-shufeldt
medicine,https://news.asu.edu/20251022-university-news-4-asu-faculty-earn-prestigious-presidents-professor-designation
innovation,https://news.asu.edu/20251022-university-news-4-asu-faculty-earn-prestigious-presidents-professor-designation
health,https://news.asu.edu/20251022-university-news-4-asu-faculty-earn-prestigious-presidents-professor-designation
innovation,https://news.asu.edu/20251024-science-and-technology-agentic-ai-conference-asu-explores-innovation-ethics-careers
health,https://news.asu.edu/20251024-science-and-technology-agentic-ai-conference-asu-explores-innovation-ethics-careers
innovation,https://news.asu.edu/20251024-science-and-technology-istb-12-one-stop-shop-robotics-manufacturing
health,https://news.asu.edu/20251024-science-and-technology-istb-12-one-stop-shop-robotics-manufacturing
health,https://news.asu.edu/20251024-science-and-technology-untangling-alzheimers-asu-researchers-tackling-our-understanding
innovation,https://news.asu.edu/20251027-arts-humanities-and-education-asu-workshops-give-k12-teachers-tools-teach-engaging-civic
innovation,https://news.asu.edu/20251027-local-national-and-global-affairs-lost-rituals-lasting-grief-study-looks-pandemics-toll
health,https://news.asu.edu/20251027-local-national-and-global-affairs-lost-rituals-lasting-grief-study-looks-pandemics-toll
innovation,https://news.asu.edu/20251027-local-national-and-global-affairs-predicting-new-era-security
medicine,https://news.asu.edu/20251028-health-and-medicine-focusing-adhd-research-tips-and-misconceptions
innovation,https://news.asu.edu/20251028-health-and-medicine-focusing-adhd-research-tips-and-misconceptions
health,https://news.asu.edu/20251028-health-and-medicine-focusing-adhd-research-tips-and-misconceptions
medicine,https://news.asu.edu/20251028-science-and-technology-web-wound-healing-asu-scientists-harness-spider-silk-medical
innovation,https://news.asu.edu/20251028-science-and-technology-web-wound-healing-asu-scientists-harness-spider-silk-medical
health,https://news.asu.edu/20251028-science-and-technology-web-wound-healing-asu-scientists-harness-spider-silk-medical
medicine,https://news.asu.edu/20251029-arts-humanities-and-education-asu-professor-dia-de-los-muertos-traditions-grief-community
health,https://news.asu.edu/20251029-environment-and-sustainability-insects-mammals-asu-biocollections-next-generation-scientists
innovation,https://news.asu.edu/20251029-science-and-technology-where-water-comes-new-clue-alien-worlds
health,https://news.asu.edu/20251029-science-and-technology-where-water-comes-new-clue-alien-worlds
innovation,https://news.asu.edu/20251030-business-and-entrepreneurship-thunderbird-asu-ranked-no-1-world-international-trade-fourth
health,https://news.asu.edu/20251030-business-and-entrepreneurship-thunderbird-asu-ranked-no-1-world-international-trade-fourth
innovation,https://news.asu.edu/20251030-sun-devil-community-tempes-education-legacy-powers-citywide-partnership
innovation,https://news.asu.edu/20251030-university-news-asu-ranked-among-world-best-graduate-employability
health,https://news.asu.edu/20251030-university-news-asu-ranked-among-world-best-graduate-employability
innovation,https://news.asu.edu/20251031-business-and-entrepreneurship-meet-4-young-innovators-making-waves-25
health,https://news.asu.edu/20251031-business-and-entrepreneurship-meet-4-young-innovators-making-waves-25
health,https://news.asu.edu/20251031-environment-and-sustainability-asu-crowd-hears-story-resilience-famed-napalm-girl
innovation,https://news.asu.edu/20251031-environment-and-sustainability-asu-program-educates-real-estate-professionals-arizona-water-issues
health,https://news.asu.edu/20251031-environment-and-sustainability-asu-program-educates-real-estate-professionals-arizona-water-issues
innovation,https://news.asu.edu/20251031-local-national-and-global-affairs-asu-host-inaugural-journalism-and-ai-accelerator
breakthrough,https://news.asu.edu/20251103-science-and-technology-secrets-microbial-motion-how-bacteria-swash-glide-and-shift-gears
innovation,https://news.asu.edu/20251103-science-and-technology-secrets-microbial-motion-how-bacteria-swash-glide-and-shift-gears
health,https://news.asu.edu/20251103-science-and-technology-secrets-microbial-motion-how-bacteria-swash-glide-and-shift-gears
innovation,https://news.asu.edu/20251103-science-and-technology-smarter-fuel-pipelines-safer-communities
predictive,https://news.asu.edu/20251103-science-and-technology-smarter-fuel-pipelines-safer-communities
health,https://news.asu.edu/20251103-science-and-technology-smarter-fuel-pipelines-safer-communities
medicine,https://news.asu.edu/20251103-sun-devil-community-asu-hosts-welcome-home-tribute-vietnam-veterans-during-salute-service
innovation,https://news.asu.edu/20251103-sun-devil-community-asu-hosts-welcome-home-tribute-vietnam-veterans-during-salute-service
health,https://news.asu.edu/20251103-sun-devil-community-asu-hosts-welcome-home-tribute-vietnam-veterans-during-salute-service
